,title,artist,top genre,year,bpm,nrgy,dnce,dB,live,val,dur,acous,spch,pop
105,Titanium (feat. Sia),David Guetta,dance pop,2012,126,79,60,-4,13,30,245,7,10,80
106,Locked Out of Heaven,Bruno Mars,pop,2012,144,70,73,-4,31,87,233,5,4,79
107,Paradise,Coldplay,permanent wave,2012,140,59,45,-7,8,20,279,5,3,79
108,Payphone,Maroon 5,pop,2012,110,75,74,-5,29,55,231,2,4,79
109,What Makes You Beautiful,One Direction,boy band,2012,125,79,73,-2,6,89,200,1,7,78
110,I Knew You Were Trouble.,Taylor Swift,pop,2012,77,47,62,-7,3,68,220,0,4,77
111,Call Me Maybe,Carly Rae Jepsen,canadian pop,2012,120,58,78,-7,11,66,193,1,4,76
112,Love You Like A Love Song,Selena Gomez & The Scene,dance pop,2012,117,68,86,-4,7,92,188,8,5,76
113,Set Fire to the Rain,Adele,british soul,2012,108,68,61,-4,13,47,242,0,3,76
114,We Are Never Ever Getting Back Together,Taylor Swift,pop,2012,86,68,63,-6,12,75,193,1,9,75
115,Stronger (What Doesn't Kill You),Kelly Clarkson,dance pop,2012,116,94,56,-4,11,68,222,5,5,74
116,Try,P!nk,dance pop,2012,104,63,67,-7,9,55,248,0,3,74
117,Starships,Nicki Minaj,dance pop,2012,125,72,75,-2,25,75,211,14,8,73
118,One More Night,Maroon 5,pop,2012,93,82,72,-3,8,62,220,6,3,73
119,Good Time,Owl City,pop,2012,126,87,56,-4,37,68,206,2,14,73
120,Glad You Came,The Wanted,boy band,2012,127,85,72,-4,11,45,198,3,6,72
121,Beauty And A Beat,Justin Bieber,canadian pop,2012,128,84,60,-5,7,53,228,0,6,72
122,International Love,Pitbull,dance pop,2012,120,86,67,-3,34,65,227,1,5,72
123,Some Nights,fun.,baroque pop,2012,108,74,67,-7,9,39,277,2,5,72
124,Boyfriend,Justin Bieber,canadian pop,2012,97,55,72,-6,13,33,171,4,5,71
125,Part Of Me,Katy Perry,dance pop,2012,130,92,68,-5,7,77,216,0,4,71
126,Domino,Jessie J,australian pop,2012,127,55,76,-5,4,78,232,1,3,69
127,Where Have You Been,Rihanna,barbadian pop,2012,128,85,72,-6,22,44,243,0,9,68
128,Wide Awake,Katy Perry,dance pop,2012,160,68,51,-5,39,57,221,7,4,68
129,The One That Got Away,Katy Perry,dance pop,2012,134,80,69,-4,16,88,227,0,4,67
130,Dance Again,Jennifer Lopez,dance pop,2012,128,86,79,-5,10,71,237,2,7,66
131,Turn Up the Music,Chris Brown,dance pop,2012,130,84,59,-6,16,64,228,0,10,65
132,Lights - Single Version,Ellie Goulding,dance pop,2012,120,80,68,-6,13,78,211,3,4,65
133,We Are Young (feat. Janelle Monáe),fun.,baroque pop,2012,184,64,38,-6,8,74,251,2,8,63
134,Diamonds,Rihanna,barbadian pop,2012,92,71,56,-5,11,39,225,0,5,61
135,Don't Stop the Party (feat. TJR),Pitbull,dance pop,2012,127,96,72,-4,38,95,206,1,9,59
136,You Da One,Rihanna,barbadian pop,2012,127,72,70,-5,13,86,200,50,4,57
137,Stereo Hearts (feat. Adam Levine),Gym Class Heroes,dance pop,2012,90,80,65,-3,27,80,211,3,10,54
138,It Will Rain,Bruno Mars,pop,2012,150,84,58,-7,8,48,258,34,5,38
139,Blow Me (One Last Kiss),P!nk,dance pop,2012,114,92,60,-3,25,75,256,0,4,0